RQ,role,comparison,metric,cluster_level,observed_diff,bootstrap_mean,ci_low,ci_high,excludes_zero,n_seed_pairs,p_perm,n_permutations,p_holm,significant_holm
RQ1,primary,dual_csd_vs_dual_featkd,QWK,record_eye(DRTiD),-0.018862997796092573,-0.0188772046663187,-0.06388650993357647,0.0263068726864394,False,5,0.09259074092590741,10000.0,0.254974502549745,False
RQ1,primary,dual_csd_vs_dual_logitkd,QWK,record_eye(DRTiD),-0.02502024577190103,-0.02516643260597358,-0.07807720226793988,0.02542837088155957,False,5,0.08499150084991501,10000.0,0.254974502549745,False
RQ1,primary,dual_csd_vs_dual_no_distill,QWK,record_eye(DRTiD),0.017132154874787076,0.017088802959169355,-0.02755869220560751,0.06482451551344065,False,5,0.11198880111988802,10000.0,0.254974502549745,False
RQ2,primary,ptq_int8_vs_best_fp32,QWK,record_eye(DRTiD),-0.009251979355336504,-0.009347075794224344,-0.030039632478080534,0.01069545000685684,False,5,0.20887911208879112,10000.0,0.20887911208879112,False
RQ2,primary,qat_int8_vs_best_fp32,QWK,record_eye(DRTiD),-0.029273479701359562,-0.029458049384790484,-0.06829154089312858,0.004218733863377941,False,5,0.000999900009999,10000.0,0.0029997000299970002,True
RQ2,primary,qat_int8_vs_ptq_int8,QWK,record_eye(DRTiD),-0.02002150034602306,-0.020110973590566142,-0.056673723608856356,0.01095622895582609,False,5,0.0648935106489351,10000.0,0.1297870212978702,False
RQ2_control,supplementary,fp32_ft_control_vs_best_fp32,QWK,record_eye(DRTiD),-0.0024403713307070917,-0.002586182515862259,-0.023226904887555973,0.017647817018511033,False,5,0.7005299470052995,10000.0,0.7005299470052995,False
RQ2_control,supplementary,qat_int8_vs_fp32_ft_control,QWK,record_eye(DRTiD),-0.02683310837065247,-0.026871866868928226,-0.060354773455383384,0.0026020198236565376,False,5,0.0023997600239976003,10000.0,0.007199280071992801,True
RQ2_control,supplementary,qat_int8_vs_ft_ptq_int8,QWK,record_eye(DRTiD),-0.01555994414304913,-0.01563427158691485,-0.04657122692976618,0.013089807260360522,False,5,0.12988701129887012,10000.0,0.25977402259774024,False
