condition,seed,quantization,subset,n_patients,metric,point,ci_low,ci_high
teacher,-,FP32,setC,100,QWK,0.7922540436266509,0.715184286829221,0.8549935571594183
teacher,-,FP32,setC,100,Accuracy,0.61,0.53,0.69
teacher,-,FP32,setC,100,MacroF1,0.3874663023679417,0.31452613590045964,0.45469106442373386
teacher,-,FP32,setC,100,MAE,0.52,0.4098750000000001,0.635
teacher,-,FP32,setC,100,SevereErrorRate,0.105,0.065,0.15
best_fp32,42,FP32,setC,100,QWK,0.6281800391389433,0.511652407067819,0.7257412496636242
best_fp32,42,FP32,setC,100,Accuracy,0.51,0.44,0.58
best_fp32,42,FP32,setC,100,MacroF1,0.3366257825755606,0.2761885822510823,0.38893149132283883
best_fp32,42,FP32,setC,100,MAE,0.775,0.635,0.92
best_fp32,42,FP32,setC,100,SevereErrorRate,0.175,0.12,0.235
best_fp32,123,FP32,setC,100,QWK,0.6504701422734209,0.5278981173878629,0.7489955161234838
best_fp32,123,FP32,setC,100,Accuracy,0.535,0.46,0.61
best_fp32,123,FP32,setC,100,MacroF1,0.35528713926572975,0.28579911524141,0.4194841426390593
best_fp32,123,FP32,setC,100,MAE,0.73,0.59,0.875
best_fp32,123,FP32,setC,100,SevereErrorRate,0.2,0.14,0.26
best_fp32,2026,FP32,setC,100,QWK,0.6435316336166194,0.5188578986603084,0.7430737252717395
best_fp32,2026,FP32,setC,100,Accuracy,0.495,0.42,0.57
best_fp32,2026,FP32,setC,100,MacroF1,0.3195679142136249,0.25044248796550483,0.3867540520227003
best_fp32,2026,FP32,setC,100,MAE,0.77,0.63,0.915
best_fp32,2026,FP32,setC,100,SevereErrorRate,0.175,0.125,0.23
best_fp32,3407,FP32,setC,100,QWK,0.7298198005189365,0.6295854875493228,0.8102906564975905
best_fp32,3407,FP32,setC,100,Accuracy,0.57,0.495,0.645
best_fp32,3407,FP32,setC,100,MacroF1,0.3568494008416154,0.29477798039357017,0.41302846385119857
best_fp32,3407,FP32,setC,100,MAE,0.625,0.5,0.755
best_fp32,3407,FP32,setC,100,SevereErrorRate,0.15,0.095,0.205
best_fp32,8888,FP32,setC,100,QWK,0.6921431118507072,0.5794228755609717,0.7861114331218741
best_fp32,8888,FP32,setC,100,Accuracy,0.58,0.505,0.655
best_fp32,8888,FP32,setC,100,MacroF1,0.35124706133715594,0.29116885490215694,0.40406636721091665
best_fp32,8888,FP32,setC,100,MAE,0.655,0.515,0.8
best_fp32,8888,FP32,setC,100,SevereErrorRate,0.17,0.115,0.225
csd_fp32,42,FP32,setC,100,QWK,0.6281800391389433,0.511652407067819,0.7257412496636242
csd_fp32,42,FP32,setC,100,Accuracy,0.51,0.44,0.58
csd_fp32,42,FP32,setC,100,MacroF1,0.3366257825755606,0.2761885822510823,0.38893149132283883
csd_fp32,42,FP32,setC,100,MAE,0.775,0.635,0.92
csd_fp32,42,FP32,setC,100,SevereErrorRate,0.175,0.12,0.235
csd_fp32,123,FP32,setC,100,QWK,0.6504701422734209,0.5278981173878629,0.7489955161234838
csd_fp32,123,FP32,setC,100,Accuracy,0.535,0.46,0.61
csd_fp32,123,FP32,setC,100,MacroF1,0.35528713926572975,0.28579911524141,0.4194841426390593
csd_fp32,123,FP32,setC,100,MAE,0.73,0.59,0.875
csd_fp32,123,FP32,setC,100,SevereErrorRate,0.2,0.14,0.26
csd_fp32,2026,FP32,setC,100,QWK,0.6435316336166194,0.5188578986603084,0.7430737252717395
csd_fp32,2026,FP32,setC,100,Accuracy,0.495,0.42,0.57
csd_fp32,2026,FP32,setC,100,MacroF1,0.3195679142136249,0.25044248796550483,0.3867540520227003
csd_fp32,2026,FP32,setC,100,MAE,0.77,0.63,0.915
csd_fp32,2026,FP32,setC,100,SevereErrorRate,0.175,0.125,0.23
csd_fp32,3407,FP32,setC,100,QWK,0.7298198005189365,0.6295854875493228,0.8102906564975905
csd_fp32,3407,FP32,setC,100,Accuracy,0.57,0.495,0.645
csd_fp32,3407,FP32,setC,100,MacroF1,0.3568494008416154,0.29477798039357017,0.41302846385119857
csd_fp32,3407,FP32,setC,100,MAE,0.625,0.5,0.755
csd_fp32,3407,FP32,setC,100,SevereErrorRate,0.15,0.095,0.205
csd_fp32,8888,FP32,setC,100,QWK,0.6921431118507072,0.5794228755609717,0.7861114331218741
csd_fp32,8888,FP32,setC,100,Accuracy,0.58,0.505,0.655
csd_fp32,8888,FP32,setC,100,MacroF1,0.35124706133715594,0.29116885490215694,0.40406636721091665
csd_fp32,8888,FP32,setC,100,MAE,0.655,0.515,0.8
csd_fp32,8888,FP32,setC,100,SevereErrorRate,0.17,0.115,0.225
fp32_ft_control,42,FP32,setC,100,QWK,0.6297192642787997,0.5078303083043478,0.7343357699353352
fp32_ft_control,42,FP32,setC,100,Accuracy,0.56,0.485,0.635
fp32_ft_control,42,FP32,setC,100,MacroF1,0.37294868883104176,0.29665277197573275,0.4432761087744474
fp32_ft_control,42,FP32,setC,100,MAE,0.72,0.575,0.87
fp32_ft_control,42,FP32,setC,100,SevereErrorRate,0.18,0.125,0.235
fp32_ft_control,123,FP32,setC,100,QWK,0.6334241940031957,0.5132213965427892,0.7309141892915874
fp32_ft_control,123,FP32,setC,100,Accuracy,0.5,0.425,0.575
fp32_ft_control,123,FP32,setC,100,MacroF1,0.3291641340807276,0.2633631477508553,0.38867664497851234
fp32_ft_control,123,FP32,setC,100,MAE,0.79,0.65,0.935
fp32_ft_control,123,FP32,setC,100,SevereErrorRate,0.21,0.155,0.27
fp32_ft_control,2026,FP32,setC,100,QWK,0.6279376442330336,0.5032091580196141,0.7292440098397862
fp32_ft_control,2026,FP32,setC,100,Accuracy,0.485,0.41,0.555
fp32_ft_control,2026,FP32,setC,100,MacroF1,0.33734523105845265,0.27218138286300386,0.39523304926722047
fp32_ft_control,2026,FP32,setC,100,MAE,0.8,0.66,0.95
fp32_ft_control,2026,FP32,setC,100,SevereErrorRate,0.2,0.145,0.26
fp32_ft_control,3407,FP32,setC,100,QWK,0.7019592514779889,0.5935329662547058,0.7911328511610757
fp32_ft_control,3407,FP32,setC,100,Accuracy,0.57,0.495,0.645
fp32_ft_control,3407,FP32,setC,100,MacroF1,0.3552248677248677,0.2905867581278911,0.4152947918045025
fp32_ft_control,3407,FP32,setC,100,MAE,0.65,0.515,0.785
fp32_ft_control,3407,FP32,setC,100,SevereErrorRate,0.17,0.115,0.23
fp32_ft_control,8888,FP32,setC,100,QWK,0.6906515580736544,0.5889060529195199,0.7711975904074958
fp32_ft_control,8888,FP32,setC,100,Accuracy,0.54,0.465,0.615
fp32_ft_control,8888,FP32,setC,100,MacroF1,0.3620909043310527,0.2905089191180626,0.4311495717339428
fp32_ft_control,8888,FP32,setC,100,MAE,0.715,0.585,0.855
fp32_ft_control,8888,FP32,setC,100,SevereErrorRate,0.195,0.14,0.255
ptq_int8,42,PTQ_INT8,setC,100,QWK,0.6325169652710921,0.5194603810457049,0.7262288400227245
ptq_int8,42,PTQ_INT8,setC,100,Accuracy,0.495,0.415,0.575
ptq_int8,42,PTQ_INT8,setC,100,MacroF1,0.33721320204404387,0.2653830208085049,0.4045867885872862
ptq_int8,42,PTQ_INT8,setC,100,MAE,0.785,0.645,0.93
ptq_int8,42,PTQ_INT8,setC,100,SevereErrorRate,0.19,0.14,0.245
ptq_int8,123,PTQ_INT8,setC,100,QWK,0.6419806188801458,0.5205948406828176,0.7409329651435472
ptq_int8,123,PTQ_INT8,setC,100,Accuracy,0.525,0.45,0.6
ptq_int8,123,PTQ_INT8,setC,100,MacroF1,0.33203496434589147,0.26576935671884944,0.3904067078265206
ptq_int8,123,PTQ_INT8,setC,100,MAE,0.735,0.595,0.88
ptq_int8,123,PTQ_INT8,setC,100,SevereErrorRate,0.195,0.14,0.255
ptq_int8,2026,PTQ_INT8,setC,100,QWK,0.6738094043257892,0.5535007083430551,0.7726295718051156
ptq_int8,2026,PTQ_INT8,setC,100,Accuracy,0.57,0.495,0.645
ptq_int8,2026,PTQ_INT8,setC,100,MacroF1,0.3818551164633027,0.30540333977442763,0.4529276770672507
ptq_int8,2026,PTQ_INT8,setC,100,MAE,0.66,0.525,0.8
ptq_int8,2026,PTQ_INT8,setC,100,SevereErrorRate,0.155,0.105,0.21
ptq_int8,3407,PTQ_INT8,setC,100,QWK,0.7197255243065623,0.6155914963713518,0.8014576098656403
ptq_int8,3407,PTQ_INT8,setC,100,Accuracy,0.57,0.495,0.64
ptq_int8,3407,PTQ_INT8,setC,100,MacroF1,0.3914854978242402,0.3247592731829574,0.4510919066906393
ptq_int8,3407,PTQ_INT8,setC,100,MAE,0.63,0.505,0.76
ptq_int8,3407,PTQ_INT8,setC,100,SevereErrorRate,0.15,0.1,0.2
ptq_int8,8888,PTQ_INT8,setC,100,QWK,0.6962858034621018,0.5812516356959619,0.7920444674772439
ptq_int8,8888,PTQ_INT8,setC,100,Accuracy,0.595,0.52,0.67
ptq_int8,8888,PTQ_INT8,setC,100,MacroF1,0.37512548262548256,0.3060107159052381,0.43624577022954225
ptq_int8,8888,PTQ_INT8,setC,100,MAE,0.635,0.49,0.785
ptq_int8,8888,PTQ_INT8,setC,100,SevereErrorRate,0.165,0.11,0.225
ft_ptq_int8,42,FT_PTQ_INT8,setC,100,QWK,0.6436370617455784,0.5295418423170519,0.7414202648376822
ft_ptq_int8,42,FT_PTQ_INT8,setC,100,Accuracy,0.555,0.48,0.63
ft_ptq_int8,42,FT_PTQ_INT8,setC,100,MacroF1,0.3551404792084162,0.28599484405611747,0.4204452858771824
ft_ptq_int8,42,FT_PTQ_INT8,setC,100,MAE,0.715,0.575,0.86
ft_ptq_int8,42,FT_PTQ_INT8,setC,100,SevereErrorRate,0.175,0.125,0.23
ft_ptq_int8,123,FT_PTQ_INT8,setC,100,QWK,0.6424948065123919,0.5176721314591549,0.742356762060556
ft_ptq_int8,123,FT_PTQ_INT8,setC,100,Accuracy,0.57,0.49,0.645
ft_ptq_int8,123,FT_PTQ_INT8,setC,100,MacroF1,0.4173983858582237,0.32462833262298396,0.5042253386383821
ft_ptq_int8,123,FT_PTQ_INT8,setC,100,MAE,0.72,0.575,0.875
ft_ptq_int8,123,FT_PTQ_INT8,setC,100,SevereErrorRate,0.215,0.16,0.275
ft_ptq_int8,2026,FT_PTQ_INT8,setC,100,QWK,0.609071484071484,0.4729157300192033,0.7174062308670809
ft_ptq_int8,2026,FT_PTQ_INT8,setC,100,Accuracy,0.49,0.42,0.56
ft_ptq_int8,2026,FT_PTQ_INT8,setC,100,MacroF1,0.35075061050061046,0.27680332664359647,0.4210341784795978
ft_ptq_int8,2026,FT_PTQ_INT8,setC,100,MAE,0.8,0.66,0.95
ft_ptq_int8,2026,FT_PTQ_INT8,setC,100,SevereErrorRate,0.195,0.135,0.255
ft_ptq_int8,3407,FT_PTQ_INT8,setC,100,QWK,0.6934479107674882,0.5805227379933018,0.7853303989865674
ft_ptq_int8,3407,FT_PTQ_INT8,setC,100,Accuracy,0.59,0.515,0.665
ft_ptq_int8,3407,FT_PTQ_INT8,setC,100,MacroF1,0.4034234199426897,0.32105983336601474,0.479852833305096
ft_ptq_int8,3407,FT_PTQ_INT8,setC,100,MAE,0.645,0.51,0.785
ft_ptq_int8,3407,FT_PTQ_INT8,setC,100,SevereErrorRate,0.185,0.13,0.245
ft_ptq_int8,8888,FT_PTQ_INT8,setC,100,QWK,0.6679192519444201,0.559949941059048,0.7545257818003617
ft_ptq_int8,8888,FT_PTQ_INT8,setC,100,Accuracy,0.48,0.405,0.555
ft_ptq_int8,8888,FT_PTQ_INT8,setC,100,MacroF1,0.3107019406752606,0.2508758636040314,0.366446718423138
ft_ptq_int8,8888,FT_PTQ_INT8,setC,100,MAE,0.79,0.655,0.935
ft_ptq_int8,8888,FT_PTQ_INT8,setC,100,SevereErrorRate,0.19,0.135,0.25
qat_int8,42,QAT_INT8,setC,100,QWK,0.6159600997506234,0.49249524465768346,0.7234153765334908
qat_int8,42,QAT_INT8,setC,100,Accuracy,0.585,0.51,0.66
qat_int8,42,QAT_INT8,setC,100,MacroF1,0.3798692896946172,0.30272655584904307,0.45210593988719927
qat_int8,42,QAT_INT8,setC,100,MAE,0.71,0.56,0.86
qat_int8,42,QAT_INT8,setC,100,SevereErrorRate,0.195,0.14,0.255
qat_int8,123,QAT_INT8,setC,100,QWK,0.6324073617210244,0.5056913536578942,0.7357058972283754
qat_int8,123,QAT_INT8,setC,100,Accuracy,0.515,0.435,0.595
qat_int8,123,QAT_INT8,setC,100,MacroF1,0.31502774113893883,0.24447506993320653,0.37829588898112004
qat_int8,123,QAT_INT8,setC,100,MAE,0.76,0.61,0.9101249999999982
qat_int8,123,QAT_INT8,setC,100,SevereErrorRate,0.2,0.14,0.26
qat_int8,2026,QAT_INT8,setC,100,QWK,0.5914702581369249,0.4750158885594316,0.6868404220038027
qat_int8,2026,QAT_INT8,setC,100,Accuracy,0.42,0.345,0.5
qat_int8,2026,QAT_INT8,setC,100,MacroF1,0.2938226179026199,0.2290107414220871,0.3574824704947126
qat_int8,2026,QAT_INT8,setC,100,MAE,0.92,0.775,1.07
qat_int8,2026,QAT_INT8,setC,100,SevereErrorRate,0.25,0.185,0.315
qat_int8,3407,QAT_INT8,setC,100,QWK,0.6606362761310067,0.5468770303450117,0.7568501715338881
qat_int8,3407,QAT_INT8,setC,100,Accuracy,0.56,0.485,0.64
qat_int8,3407,QAT_INT8,setC,100,MacroF1,0.37499349594001546,0.2938175023562728,0.4513924824478709
qat_int8,3407,QAT_INT8,setC,100,MAE,0.695,0.55,0.84
qat_int8,3407,QAT_INT8,setC,100,SevereErrorRate,0.19,0.13,0.255
qat_int8,8888,QAT_INT8,setC,100,QWK,0.6716459325717985,0.563067295118181,0.7587889360429929
qat_int8,8888,QAT_INT8,setC,100,Accuracy,0.545,0.47,0.62
qat_int8,8888,QAT_INT8,setC,100,MacroF1,0.3731932511479358,0.29590569899849173,0.447261999725346
qat_int8,8888,QAT_INT8,setC,100,MAE,0.72,0.585,0.86
qat_int8,8888,QAT_INT8,setC,100,SevereErrorRate,0.195,0.14,0.255
